Process,Driver/day (avg),Unit,Rate/h,Peak factor,Hours (avg),Hours (peak),FTE avg,FTE peak,FTE (ceil peak)
Receiving - palletised (unload+check),58.3,pallets,25,1.69,2.3,3.9,0.31,0.52,1
Receiving - loose container de-stuff,6.0,person-h,-,2.0,6.0,12.0,0.8,1.6,2
Putaway (reach truck),98.9,pallets,20,1.69,4.9,8.3,0.66,1.11,2
Replenishment (reach truck),24.3,pallets,18,2.85,1.3,3.8,0.18,0.51,1
Each picking,482.6,lines,55,1.83,8.8,16.1,1.17,2.14,3
Case picking,151.0,lines,80,1.83,1.9,3.5,0.25,0.46,1
Full-pallet picking,6.4,pallets,22,1.83,0.3,0.5,0.04,0.07,1
Packing / consolidation,633.6,lines,45,1.83,14.1,25.8,1.88,3.44,4
Shipping / loading,17.7,pallets,30,2.85,0.6,1.7,0.08,0.22,1
